kind,name,value,unit,source,note
mass,total_mass,14.942500,kg,/mnt/d/ADSystem/ad3000/DB 정리.xlsx,displayed E59
mass,cg_x,0.372722,m,/mnt/d/ADSystem/ad3000/DB 정리.xlsx,"from H60, transformed to JSBSim x aft"
mass,cg_y,-0.000223,m,/mnt/d/ADSystem/ad3000/DB 정리.xlsx,"computed from listed point masses, transformed to JSBSim y right"
mass,cg_z,-0.014001,m,/mnt/d/ADSystem/ad3000/DB 정리.xlsx,"from G60, transformed to JSBSim z up"
mass,ixx,0.526968,kg*m2,/mnt/d/ADSystem/ad3000/DB 정리.xlsx,sheet E65 remapped to JSBSim x axis
mass,iyy,1.772735,kg*m2,/mnt/d/ADSystem/ad3000/DB 정리.xlsx,sheet E63 remapped to JSBSim y axis
mass,izz,2.236967,kg*m2,/mnt/d/ADSystem/ad3000/DB 정리.xlsx,sheet E64 remapped to JSBSim z axis
geometry,points,46112.000000,mm/count,/mnt/d/ADSystem/ad3000/AD3000_CFD.step,raw STEP CARTESIAN_POINT bounding box
geometry,step_x_min_mm,-3083.950449,mm/count,/mnt/d/ADSystem/ad3000/AD3000_CFD.step,raw STEP CARTESIAN_POINT bounding box
geometry,step_x_max_mm,3083.950449,mm/count,/mnt/d/ADSystem/ad3000/AD3000_CFD.step,raw STEP CARTESIAN_POINT bounding box
geometry,step_y_min_mm,-980.529025,mm/count,/mnt/d/ADSystem/ad3000/AD3000_CFD.step,raw STEP CARTESIAN_POINT bounding box
geometry,step_y_max_mm,1636.253098,mm/count,/mnt/d/ADSystem/ad3000/AD3000_CFD.step,raw STEP CARTESIAN_POINT bounding box
geometry,step_z_min_mm,-1568.441593,mm/count,/mnt/d/ADSystem/ad3000/AD3000_CFD.step,raw STEP CARTESIAN_POINT bounding box
geometry,step_z_max_mm,0.294479,mm/count,/mnt/d/ADSystem/ad3000/AD3000_CFD.step,raw STEP CARTESIAN_POINT bounding box
propulsion,lift_rotor_static_max_target_each,73.267934,N,mass based sizing,2.0 total T/W divided across four rotors
propulsion,lift_rotor_static_hover_each,36.633967,N,mass based sizing,aircraft weight divided across four rotors
propulsion,lift_rotor_hover_throttle_estimate,0.707107,norm,mass based sizing,sqrt(hover thrust / max thrust)

component,system,part,mass_g,source_F_mm,source_G_mm,source_H_mm,jsbsim_x_m,jsbsim_y_m,jsbsim_z_m
component,프레임,동체,1300.000000,0.000000,0.000000,0.000000,-0.000000,-0.000000,0.000000
component,프레임,좌 주익,790.000000,0.000000,0.000000,0.000000,-0.000000,-0.000000,0.000000
component,프레임,우 주익,790.000000,0.000000,0.000000,0.000000,-0.000000,-0.000000,0.000000
component,프레임,좌 미익,135.000000,0.000000,0.000000,0.000000,-0.000000,-0.000000,0.000000
component,프레임,우 미익,135.000000,0.000000,0.000000,0.000000,-0.000000,-0.000000,0.000000
component,프레임,상부 전방 판넬 커버,104.000000,0.770000,68.247000,-348.770000,0.348770,-0.000770,0.068247
component,프레임,상부 후방 판넬 커버,67.000000,0.001000,70.186000,-986.511000,0.986511,-0.000001,0.070186
component,프레임,하부 중앙 판넬 커버,134.000000,-0.000144,70.186000,-986.511000,0.986511,0.000000,0.070186
component,프레임,하부 후방 정비 커버,14.000000,-0.007000,-55.644000,-1326.324000,1.326324,0.000007,-0.055644
component,프레임,좌 붐,224.000000,487.191000,15.410000,-682.836000,0.682836,-0.487191,0.015410
component,프레임,우 붐,224.000000,-487.191000,15.407000,-682.836000,0.682836,0.487191,0.015407
component,구조물,주익 메인스파,65.000000,-0.000293,45.610000,-657.101000,0.657101,0.000000,0.045610
component,구조물,주익 서브스파,9.500000,-0.000315,39.900000,-761.469000,0.761469,0.000000,0.039900
component,착륙장치,전방 랜딩기어,20.000000,0.000098,-182.442000,-427.997000,0.427997,-0.000000,-0.182442
component,착륙장치,후방 랜딩기어,68.000000,-0.000207,-156.158000,-964.650000,0.964650,0.000000,-0.156158
component,추진,VTOL 모터 #1,292.000000,487.188000,-2.342000,-1163.665000,1.163665,-0.487188,-0.002342
component,추진,VTOL 모터 #2,292.000000,487.194000,-2.342000,-202.619000,0.202619,-0.487194,-0.002342
component,추진,VTOL 모터 #3,292.000000,-487.194000,-2.345000,-202.619000,0.202619,0.487194,-0.002345
component,추진,VTOL 모터 #4,292.000000,-487.188000,-2.345000,-1163.665000,1.163665,0.487188,-0.002345
component,추진,VTOL 프로펠러 #1,52.000000,487.191000,-20.466000,-1164.142000,1.164142,-0.487191,-0.020466
component,추진,VTOL 프로펠러 #2,52.000000,487.191000,-21.010000,-202.148000,0.202148,-0.487191,-0.021010
component,추진,VTOL 프로펠러 #3,52.000000,-487.191000,-21.014000,-202.142000,0.202142,0.487191,-0.021014
component,추진,VTOL 프로펠러 #4,52.000000,-487.191000,-20.468000,-1164.142000,1.164142,0.487191,-0.020468
component,추진,VTOL ESC 조립체 #1,190.000000,314.104000,38.998000,-719.102000,0.719102,-0.314104,0.038998
component,추진,VTOL ESC 조립체 #2,190.000000,-314.104000,38.996000,-719.101000,0.719101,0.314104,0.038996
component,추진,고정익 모터,354.000000,0.008000,10.969000,-1511.704000,1.511704,-0.000008,0.010969
component,추진,고정익 프로펠러,48.000000,-0.000556,11.949000,-1546.555000,1.546555,0.000001,0.011949
component,추진,고정익 ESC,87.000000,0.000167,-50.250000,-1205.062000,1.205062,-0.000000,-0.050250
component,추진,프롭 샤프트 어뎁터,26.000000,-0.000554,11.949000,-1541.907000,1.541907,0.000001,0.011949
component,항전-제어,비행제어컴퓨터,98.000000,0.030000,-48.201000,-898.272000,0.898272,-0.000030,-0.048201
component,항전-제어,GPS,36.000000,-0.000107,-51.482000,-978.501000,0.978501,0.000000,-0.051482
component,항전-제어,피토튜브,65.000000,89.434000,-49.998000,-105.441000,0.105441,-0.089434,-0.049998
component,항전-제어,대기속도 센서,2.000000,117.911000,23.717000,-536.448000,0.536448,-0.117911,0.023717
component,항전-제어,조종면 서보 #1,46.000000,839.862000,41.257000,-695.231000,0.695231,-0.839862,0.041257
component,항전-제어,조종면 서보 #2,46.000000,-838.940000,42.285000,-695.107000,0.695107,0.838940,0.042285
component,항전-제어,조종면 서보 #3,46.000000,163.668000,106.947000,-1404.906000,1.404906,-0.163668,0.106947
component,항전-제어,조종면 서보 #4,46.000000,-163.673000,106.947000,-1404.902000,1.404902,0.163673,0.106947
component,항전-전원,배터리,4040.000000,0.135000,-3.615000,-438.263000,0.438263,-0.000135,-0.003615
component,항전-전원,PMU 보드,163.000000,-3.203000,53.995000,-598.719000,0.598719,0.003203,0.053995
component,항전-임무,EO/IR 카메라,1000.000000,0.036000,-163.329000,-344.019000,0.344019,-0.000036,-0.163329
component,항전-임무,위치추적 모듈,90.000000,0.000000,0.000000,0.000000,-0.000000,-0.000000,0.000000
component,항전-임무,비행체 표시등 #1,4.000000,0.000000,0.000000,0.000000,-0.000000,-0.000000,0.000000
component,항전-임무,비행체 표시등 #2,4.000000,0.000000,0.000000,0.000000,-0.000000,-0.000000,0.000000
component,항전-임무,부유 모듈,198.000000,-5.437000,53.711000,-805.748000,0.805748,0.005437,0.053711
component,항전-통신,통신모뎀,1060.000000,-1.606000,-57.865000,-716.387000,0.716387,0.001606,-0.057865
component,항전-통신,KCMVP모듈,100.000000,-1.261000,-32.052000,-1045.714000,1.045714,0.001261,-0.032052
component,항전-통신,안테나(소) #1,7.000000,-0.001000,103.395000,-1183.150000,1.183150,0.000001,0.103395
component,항전-통신,안테나(소) #2,7.000000,-0.002000,115.068000,-788.420000,0.788420,0.000002,0.115068
component,항전-통신,안테나(대) #1,17.000000,-0.000586,165.188000,-533.955000,0.533955,0.000001,0.165188
component,항전-통신,안테나(대) #2,17.000000,0.012000,-151.741000,-1110.613000,1.110613,-0.000012,-0.151741
component,배선,케이블,1500.000000,0.000000,0.000000,0.000000,-0.000000,-0.000000,0.000000
